SourceMissingPersonId,original_image,status
648775,downloaded_images/648775_1.jpg,no_face_detected
648185,downloaded_images/648185_1.jpg,no_face_detected
647090,downloaded_images/647090_1.jpg,no_face_detected
648791,downloaded_images/648791_1.jpg,no_face_detected
648225,downloaded_images/648225_1.jpg,no_face_detected
646703,downloaded_images/646703_1.jpg,no_face_detected
645040,downloaded_images/645040_1.jpg,no_face_detected
646463,downloaded_images/646463_1.jpg,no_face_detected
646682,downloaded_images/646682_1.jpg,no_face_detected
645453,downloaded_images/645453_1.jpg,no_face_detected
646463,downloaded_images/646463_3.jpg,no_face_detected
647640,downloaded_images/647640_1.jpg,no_face_detected
649104,downloaded_images/649104_1.jpg,no_face_detected
646463,downloaded_images/646463_2.jpg,no_face_detected
645940,downloaded_images/645940_1.jpg,no_face_detected
644531,downloaded_images/644531_1.jpg,no_face_detected
648432,downloaded_images/648432_1.jpg,no_face_detected
648818,downloaded_images/648818_1.jpg,no_face_detected
646743,downloaded_images/646743_1.jpg,no_face_detected
649125,downloaded_images/649125_1.jpg,no_face_detected
648962,downloaded_images/648962_1.jpg,no_face_detected
649241,downloaded_images/649241_1.jpg,no_face_detected
648960,downloaded_images/648960_1.jpg,no_face_detected
648914,downloaded_images/648914_1.jpg,no_face_detected
645935,downloaded_images/645935_1.jpg,no_face_detected
648440,downloaded_images/648440_1.jpg,no_face_detected
649088,downloaded_images/649088_1.jpg,no_face_detected
644646,downloaded_images/644646_1.jpg,no_face_detected
646319,downloaded_images/646319_1.jpg,no_face_detected
644625,downloaded_images/644625_1.jpg,no_face_detected
647243,downloaded_images/647243_1.jpg,no_face_detected
649357,downloaded_images/649357_1.jpg,no_face_detected
649096,downloaded_images/649096_1.jpg,no_face_detected
647755,downloaded_images/647755_1.jpg,no_face_detected
644914,downloaded_images/644914_1.jpg,no_face_detected
646301,downloaded_images/646301_1.jpg,no_face_detected
648892,downloaded_images/648892_1.jpg,no_face_detected
